epoch,train_loss,test_loss
1,202.5104406891637,93.28831654912108
2,154.41369774502198,91.42912489384204
3,143.26195895285952,102.43225492630805
4,138.22501283221774,92.58321946734316
5,133.65548762791218,120.60343664342707
